"datetime","pbl","pbs","cbh","ttc","sci","qc_flag_pbl","qc_flag_pbs","qc_flag_cbh","qc_flag_ttc","qc_flag_sci"
"2026-03-01 00:00:00",425,1,2643,5,0,"1b","1b","1b","1b","1b"
"2026-03-01 01:00:00",380,1,813,6,0,"1b","1b","1b","1b","1b"
"2026-03-01 02:00:00",NA,0,307,8,0,"5b","1b","1b","1b","1b"
"2026-03-01 03:00:00",NA,0,274.5,8,0,"5b","1b","1b","1b","1b"
"2026-03-01 04:00:00",NA,0,250,8,0,"5b","1b","1b","1b","1b"
"2026-03-01 05:00:00",NA,0,187,8,1,"5b","1b","1b","1b","1b"
"2026-03-01 06:00:00",NA,0,296,8,0,"5b","1b","1b","1b","1b"
"2026-03-01 07:00:00",NA,0,249,8,0,"5b","1b","1b","1b","1b"
"2026-03-01 08:00:00",NA,0,282,8,0,"5b","1b","1b","1b","1b"
"2026-03-01 09:00:00",NA,0,295,7,0,"5b","1b","1b","1b","1b"
"2026-03-01 10:00:00",NA,0,426,8,0,"5b","1b","1b","1b","1b"
"2026-03-01 11:00:00",NA,0,315.5,8,0,"5b","1b","1b","1b","1b"
"2026-03-01 12:00:00",NA,0,390.5,8,0,"5b","1b","1b","1b","1b"
"2026-03-01 13:00:00",NA,0,529,7,0,"5b","1b","1b","1b","1b"
"2026-03-01 14:00:00",NA,0,887,8,0,"5b","1b","1b","1b","1b"
"2026-03-01 15:00:00",NA,0,857,8,0,"5b","1b","1b","1b","1b"
"2026-03-01 16:00:00",NA,0,680,8,0,"5b","1b","1b","1b","1b"
"2026-03-01 17:00:00",559,0,1157,6,0,"1b","1b","1b","1b","1b"
"2026-03-01 18:00:00",NA,0,602,8,0,"5b","1b","1b","1b","1b"
"2026-03-01 19:00:00",NA,0,533,8,0,"5b","1b","1b","1b","1b"
"2026-03-01 20:00:00",NA,0,487,8,0,"5b","1b","1b","1b","1b"
"2026-03-01 21:00:00",NA,0,499,8,0,"5b","1b","1b","1b","1b"
"2026-03-01 22:00:00",NA,0,395.5,8,1,"5b","1b","1b","1b","1b"
"2026-03-01 23:00:00",NA,0,542.5,8,0,"5b","1b","1b","1b","1b"
"2026-03-02 00:00:00",NA,0,597,8,0,"5b","1b","1b","1b","1b"
"2026-03-02 01:00:00",NA,0,632,8,0,"5b","1b","1b","1b","1b"
"2026-03-02 02:00:00",NA,0,632,8,0,"5b","1b","1b","1b","1b"
"2026-03-02 03:00:00",NA,0,654,8,0,"5b","1b","1b","1b","1b"
"2026-03-02 04:00:00",440,0,681,8,0,"1b","1b","1b","1b","1b"
"2026-03-02 05:00:00",NA,0,674,8,0,"5b","1b","1b","1b","1b"
"2026-03-02 06:00:00",NA,0,604.5,8,0,"5b","1b","1b","1b","1b"
"2026-03-02 07:00:00",470,0,618.5,8,0,"1b","1b","1b","1b","1b"
"2026-03-02 08:00:00",NA,0,527.5,8,0,"5b","1b","1b","1b","1b"
"2026-03-02 09:00:00",NA,0,527,8,0,"5b","1b","1b","1b","1b"
"2026-03-02 10:00:00",NA,0,520,8,0,"5b","1b","1b","1b","1b"
"2026-03-02 11:00:00",NA,0,542,8,0,"5b","1b","1b","1b","1b"
"2026-03-02 12:00:00",NA,0,782.5,7,0,"5b","1b","1b","1b","1b"
"2026-03-02 13:00:00",919,2,NA,1,0,"1b","1b","5b","1b","1b"
"2026-03-02 14:00:00",1144,0,1126.5,1,0,"1b","1b","1b","1b","1b"
"2026-03-02 15:00:00",1024,0,4231,5,0,"1b","1b","1b","1b","1b"
"2026-03-02 16:00:00",994,2,4439,6,0,"1b","1b","1b","1b","1b"
"2026-03-02 17:00:00",979,2,4295,7,0,"1b","1b","1b","1b","1b"
"2026-03-02 18:00:00",874,2,3892,6,0,"1b","1b","1b","1b","1b"
"2026-03-02 19:00:00",NA,0,1005,8,0,"5b","1b","1b","1b","1b"
"2026-03-02 20:00:00",NA,0,891,8,0,"5b","1b","1b","1b","1b"
"2026-03-02 21:00:00",NA,0,583,8,0,"5b","1b","1b","1b","1b"
"2026-03-02 22:00:00",NA,0,509,8,0,"5b","1b","1b","1b","1b"
"2026-03-02 23:00:00",NA,0,922,8,4,"5b","1b","1b","1b","1b"
"2026-03-03 00:00:00",350,1,1072,8,0,"1b","1b","1b","1b","1b"
"2026-03-03 01:00:00",589,2,1202,8,0,"1b","1b","1b","1b","1b"
"2026-03-03 02:00:00",664,2,1192,8,0,"1b","1b","1b","1b","1b"
"2026-03-03 03:00:00",739,1,1186,8,0,"1b","1b","1b","1b","1b"
"2026-03-03 04:00:00",544,1,1355.5,8,0,"1b","1b","1b","1b","1b"
"2026-03-03 05:00:00",365,1,1548,8,0,"1b","1b","1b","1b","1b"
"2026-03-03 06:00:00",544,1,1461,8,0,"1b","1b","1b","1b","1b"
"2026-03-03 07:00:00",574,1,1168,8,0,"1b","1b","1b","1b","1b"
"2026-03-03 08:00:00",500,2,1200,8,0,"1b","1b","1b","1b","1b"
"2026-03-03 09:00:00",664,2,1291,8,0,"1b","1b","1b","1b","1b"
"2026-03-03 10:00:00",425,0,1307.5,8,0,"1b","1b","1b","1b","1b"
"2026-03-03 11:00:00",485,0,1305,8,0,"1b","1b","1b","1b","1b"
"2026-03-03 12:00:00",NA,0,623.5,8,0,"5b","1b","1b","1b","1b"
"2026-03-03 13:00:00",NA,0,689,8,0,"5b","1b","1b","1b","1b"
"2026-03-03 14:00:00",739,0,782,8,0,"1b","1b","1b","1b","1b"
"2026-03-03 15:00:00",NA,0,1125,8,0,"5b","1b","1b","1b","1b"
"2026-03-03 16:00:00",709,1,1291,8,0,"1b","1b","1b","1b","1b"
"2026-03-03 17:00:00",724,1,1024,8,0,"1b","1b","1b","1b","1b"
"2026-03-03 18:00:00",619,1,931,8,0,"1b","1b","1b","1b","1b"
"2026-03-03 19:00:00",425,2,872,8,0,"1b","1b","1b","1b","1b"
"2026-03-03 20:00:00",365,2,890,8,0,"1b","1b","1b","1b","1b"
"2026-03-03 21:00:00",410,2,915,8,0,"1b","1b","1b","1b","1b"
"2026-03-03 22:00:00",395,2,953,8,0,"1b","1b","1b","1b","1b"
"2026-03-03 23:00:00",350,2,962,8,0,"1b","1b","1b","1b","1b"
"2026-03-04 00:00:00",470,1,892,8,0,"1b","1b","1b","1b","1b"
"2026-03-04 01:00:00",260,2,NA,1,0,"1b","1b","5b","1b","1b"
"2026-03-04 02:00:00",320,2,NA,0,0,"1b","1b","5b","1b","1b"
"2026-03-04 03:00:00",230,1,NA,0,0,"1b","1b","5b","1b","1b"
"2026-03-04 04:00:00",649,2,NA,0,0,"1b","1b","5b","1b","1b"
"2026-03-04 05:00:00",604,2,NA,0,0,"1b","1b","5b","1b","1b"
"2026-03-04 06:00:00",709,1,NA,0,0,"1b","1b","5b","1b","1b"
"2026-03-04 07:00:00",739,2,118,0,0,"1b","1b","1b","1b","1b"
"2026-03-04 08:00:00",275,0,116,1,0,"1b","1b","1b","1b","1b"
"2026-03-04 09:00:00",NA,0,73,8,1,"5b","1b","1b","1b","1b"
"2026-03-04 10:00:00",NA,0,104,8,1,"5b","1b","1b","1b","1b"
"2026-03-04 11:00:00",290,0,163,7,0,"1b","1b","1b","1b","1b"
"2026-03-04 12:00:00",350,1,NA,0,0,"1b","1b","5b","1b","1b"
"2026-03-04 13:00:00",410,1,NA,0,0,"1b","1b","5b","1b","1b"
"2026-03-04 14:00:00",395,1,NA,0,0,"1b","1b","5b","1b","1b"
"2026-03-04 15:00:00",425,2,NA,0,0,"1b","1b","5b","1b","1b"
"2026-03-04 16:00:00",410,2,NA,0,0,"1b","1b","5b","1b","1b"
"2026-03-04 17:00:00",380,1,NA,0,0,"1b","1b","5b","1b","1b"
"2026-03-04 18:00:00",335,1,NA,0,0,"1b","1b","5b","1b","1b"
"2026-03-04 19:00:00",215,1,260,0,0,"1b","1b","1b","1b","1b"
"2026-03-04 20:00:00",215,1,196,0,0,"1b","1b","1b","1b","1b"
"2026-03-04 21:00:00",215,0,169,2,0,"1b","1b","1b","1b","1b"
"2026-03-04 22:00:00",NA,0,144.5,6,0,"5b","1b","1b","1b","1b"
"2026-03-04 23:00:00",619,2,133,0,0,"1b","1b","1b","1b","1b"
"2026-03-05 00:00:00",1069,0,146.5,2,0,"1b","1b","1b","1b","1b"
"2026-03-05 01:00:00",544,0,121,1,0,"1b","1b","1b","1b","1b"
"2026-03-05 02:00:00",634,0,104.5,1,0,"1b","1b","1b","1b","1b"
"2026-03-05 03:00:00",1354,2,NA,0,0,"1b","1b","5b","1b","1b"
"2026-03-05 04:00:00",1039,3,NA,0,0,"1b","1b","5b","1b","1b"
"2026-03-05 05:00:00",604,2,NA,0,0,"1b","1b","5b","1b","1b"
"2026-03-05 06:00:00",1114,2,NA,0,0,"1b","1b","5b","1b","1b"
"2026-03-05 07:00:00",1189,0,1190,2,0,"1b","1b","1b","1b","1b"
"2026-03-05 08:00:00",1414,0,1220.5,5,0,"1b","1b","1b","1b","1b"
"2026-03-05 09:00:00",1399,3,NA,1,0,"1b","1b","5b","1b","1b"
"2026-03-05 10:00:00",245,1,1243.5,0,0,"1b","1b","1b","1b","1b"
"2026-03-05 11:00:00",260,1,1278,6,0,"1b","1b","1b","1b","1b"
"2026-03-05 12:00:00",365,2,NA,1,0,"1b","1b","5b","1b","1b"
"2026-03-05 13:00:00",500,2,NA,0,0,"1b","1b","5b","1b","1b"
"2026-03-05 14:00:00",679,2,NA,0,0,"1b","1b","5b","1b","1b"
"2026-03-05 15:00:00",859,2,2836,1,0,"1b","1b","1b","1b","1b"
"2026-03-05 16:00:00",904,1,2460,2,0,"1b","1b","1b","1b","1b"
"2026-03-05 17:00:00",904,1,NA,1,0,"1b","1b","5b","1b","1b"
"2026-03-05 18:00:00",889,1,3035.5,2,0,"1b","1b","1b","1b","1b"
"2026-03-05 19:00:00",979,1,3081.5,6,0,"1b","1b","1b","1b","1b"
"2026-03-05 20:00:00",1084,0,1064.5,8,0,"1b","1b","1b","1b","1b"
"2026-03-05 21:00:00",500,0,1563,8,0,"1b","1b","1b","1b","1b"
"2026-03-05 22:00:00",514,1,753.5,8,0,"1b","1b","1b","1b","1b"
"2026-03-05 23:00:00",NA,0,196,8,0,"5b","1b","1b","1b","1b"
"2026-03-06 00:00:00",NA,0,209,8,0,"5b","1b","1b","1b","1b"
"2026-03-06 01:00:00",NA,0,191,8,0,"5b","1b","1b","1b","1b"
"2026-03-06 02:00:00",NA,0,316.5,8,0,"5b","1b","1b","1b","1b"
"2026-03-06 03:00:00",NA,0,339.5,8,0,"5b","1b","1b","1b","1b"
"2026-03-06 04:00:00",NA,0,351,8,0,"5b","1b","1b","1b","1b"
"2026-03-06 05:00:00",NA,0,299,8,0,"5b","1b","1b","1b","1b"
"2026-03-06 06:00:00",NA,0,270,8,0,"5b","1b","1b","1b","1b"
"2026-03-06 07:00:00",NA,0,220,8,1,"5b","1b","1b","1b","1b"
"2026-03-06 08:00:00",NA,0,207,8,1,"5b","1b","1b","1b","1b"
"2026-03-06 09:00:00",NA,0,171,8,0,"5b","1b","1b","1b","1b"
"2026-03-06 10:00:00",NA,0,174,8,0,"5b","1b","1b","1b","1b"
"2026-03-06 11:00:00",NA,0,178,8,0,"5b","1b","1b","1b","1b"
"2026-03-06 12:00:00",NA,0,166,8,0,"5b","1b","1b","1b","1b"
"2026-03-06 13:00:00",NA,0,127,8,1,"5b","1b","1b","1b","1b"
"2026-03-06 14:00:00",NA,0,201.5,8,0,"5b","1b","1b","1b","1b"
"2026-03-06 15:00:00",NA,0,208.5,8,0,"5b","1b","1b","1b","1b"
"2026-03-06 16:00:00",NA,0,217,8,0,"5b","1b","1b","1b","1b"
"2026-03-06 17:00:00",NA,0,357.5,8,0,"5b","1b","1b","1b","1b"
"2026-03-06 18:00:00",NA,0,381,8,0,"5b","1b","1b","1b","1b"
"2026-03-06 19:00:00",NA,0,376.5,8,0,"5b","1b","1b","1b","1b"
"2026-03-06 20:00:00",NA,0,352,8,0,"5b","1b","1b","1b","1b"
"2026-03-06 21:00:00",NA,0,351,8,0,"5b","1b","1b","1b","1b"
"2026-03-06 22:00:00",NA,0,358,8,0,"5b","1b","1b","1b","1b"
"2026-03-06 23:00:00",NA,0,426,8,0,"5b","1b","1b","1b","1b"
"2026-03-07 00:00:00",NA,0,408.5,8,0,"5b","1b","1b","1b","1b"
"2026-03-07 01:00:00",NA,0,443,8,0,"5b","1b","1b","1b","1b"
"2026-03-07 02:00:00",455,0,753,8,0,"1b","1b","1b","1b","1b"
"2026-03-07 03:00:00",485,1,780.5,8,0,"1b","1b","1b","1b","1b"
"2026-03-07 04:00:00",470,1,938.5,8,0,"1b","1b","1b","1b","1b"
"2026-03-07 05:00:00",485,0,797,8,0,"1b","1b","1b","1b","1b"
"2026-03-07 06:00:00",NA,0,477,8,0,"5b","1b","1b","1b","1b"
"2026-03-07 07:00:00",NA,0,381.5,8,0,"5b","1b","1b","1b","1b"
"2026-03-07 08:00:00",NA,0,281,8,0,"5b","1b","1b","1b","1b"
"2026-03-07 09:00:00",NA,0,233,8,0,"5b","1b","1b","1b","1b"
"2026-03-07 10:00:00",NA,0,332,8,0,"5b","1b","1b","1b","1b"
"2026-03-07 11:00:00",NA,0,314,8,0,"5b","1b","1b","1b","1b"
"2026-03-07 12:00:00",NA,0,280.5,8,0,"5b","1b","1b","1b","1b"
"2026-03-07 13:00:00",NA,0,311,8,0,"5b","1b","1b","1b","1b"
"2026-03-07 14:00:00",NA,0,310,8,0,"5b","1b","1b","1b","1b"
"2026-03-07 15:00:00",NA,0,319.5,8,0,"5b","1b","1b","1b","1b"
"2026-03-07 16:00:00",NA,0,295.5,8,0,"5b","1b","1b","1b","1b"
"2026-03-07 17:00:00",NA,0,249,8,0,"5b","1b","1b","1b","1b"
"2026-03-07 18:00:00",NA,0,228,8,0,"5b","1b","1b","1b","1b"
"2026-03-07 19:00:00",NA,0,198,8,0,"5b","1b","1b","1b","1b"
"2026-03-07 20:00:00",NA,0,159,8,1,"5b","1b","1b","1b","1b"
"2026-03-07 21:00:00",NA,0,143,8,1,"5b","1b","1b","1b","1b"
"2026-03-07 22:00:00",NA,0,82,8,1,"5b","1b","1b","1b","1b"
"2026-03-07 23:00:00",NA,0,35,9,2,"5b","1b","1b","1b","1b"
"2026-03-08 00:00:00",NA,0,32,9,2,"5b","1b","1b","1b","1b"
"2026-03-08 01:00:00",NA,0,32,9,2,"5b","1b","1b","1b","1b"
"2026-03-08 02:00:00",NA,0,36,9,2,"5b","1b","1b","1b","1b"
"2026-03-08 03:00:00",NA,0,52,9,2,"5b","1b","1b","1b","1b"
"2026-03-08 04:00:00",NA,0,49,9,2,"5b","1b","1b","1b","1b"
"2026-03-08 05:00:00",NA,0,89,8,1,"5b","1b","1b","1b","1b"
"2026-03-08 06:00:00",NA,0,76,8,1,"5b","1b","1b","1b","1b"
"2026-03-08 07:00:00",NA,0,68,8,1,"5b","1b","1b","1b","1b"
"2026-03-08 08:00:00",NA,0,88.5,8,1,"5b","1b","1b","1b","1b"
"2026-03-08 09:00:00",NA,0,111,8,1,"5b","1b","1b","1b","1b"
"2026-03-08 10:00:00",NA,0,91,8,1,"5b","1b","1b","1b","1b"
"2026-03-08 11:00:00",NA,0,90,8,1,"5b","1b","1b","1b","1b"
"2026-03-08 12:00:00",NA,0,81,8,1,"5b","1b","1b","1b","1b"
"2026-03-08 13:00:00",NA,0,124,8,1,"5b","1b","1b","1b","1b"
"2026-03-08 14:00:00",NA,0,142,8,1,"5b","1b","1b","1b","1b"
"2026-03-08 15:00:00",NA,0,158,8,0,"5b","1b","1b","1b","1b"
"2026-03-08 16:00:00",NA,0,212,8,0,"5b","1b","1b","1b","1b"
"2026-03-08 17:00:00",NA,0,209,8,0,"5b","1b","1b","1b","1b"
"2026-03-08 18:00:00",NA,0,187,8,0,"5b","1b","1b","1b","1b"
"2026-03-08 19:00:00",NA,0,176,8,0,"5b","1b","1b","1b","1b"
"2026-03-08 20:00:00",NA,0,167,8,0,"5b","1b","1b","1b","1b"
"2026-03-08 21:00:00",NA,0,150,8,0,"5b","1b","1b","1b","1b"
"2026-03-08 22:00:00",NA,0,151,8,0,"5b","1b","1b","1b","1b"
"2026-03-08 23:00:00",NA,0,107.5,8,1,"5b","1b","1b","1b","1b"
"2026-03-09 00:00:00",NA,0,77,8,1,"5b","1b","1b","1b","1b"
"2026-03-09 01:00:00",NA,0,56,8,1,"5b","1b","1b","1b","1b"
"2026-03-09 02:00:00",NA,0,36,9,2,"5b","1b","1b","1b","1b"
"2026-03-09 03:00:00",NA,0,31,9,2,"5b","1b","1b","1b","1b"
"2026-03-09 04:00:00",NA,0,25,9,2,"5b","1b","1b","1b","1b"
"2026-03-09 05:00:00",NA,0,30,9,2,"5b","1b","1b","1b","1b"
"2026-03-09 06:00:00",NA,0,33,9,2,"5b","1b","1b","1b","1b"
"2026-03-09 07:00:00",NA,0,40,9,2,"5b","1b","1b","1b","1b"
"2026-03-09 08:00:00",NA,0,44,9,2,"5b","1b","1b","1b","1b"
"2026-03-09 09:00:00",NA,0,57.5,9,2,"5b","1b","1b","1b","1b"
"2026-03-09 10:00:00",NA,0,61,8,1,"5b","1b","1b","1b","1b"
"2026-03-09 11:00:00",NA,0,89.5,8,1,"5b","1b","1b","1b","1b"
"2026-03-09 12:00:00",NA,0,136,8,1,"5b","1b","1b","1b","1b"
"2026-03-09 13:00:00",NA,0,162,8,0,"5b","1b","1b","1b","1b"
"2026-03-09 14:00:00",NA,0,239,8,0,"5b","1b","1b","1b","1b"
"2026-03-09 15:00:00",NA,0,277,8,0,"5b","1b","1b","1b","1b"
"2026-03-09 16:00:00",NA,0,298.5,8,0,"5b","1b","1b","1b","1b"
"2026-03-09 17:00:00",NA,0,249,8,0,"5b","1b","1b","1b","1b"
"2026-03-09 18:00:00",NA,0,240,8,0,"5b","1b","1b","1b","1b"
"2026-03-09 19:00:00",NA,0,250,8,0,"5b","1b","1b","1b","1b"
"2026-03-09 20:00:00",NA,0,320,8,0,"5b","1b","1b","1b","1b"
"2026-03-09 21:00:00",NA,0,266,8,1,"5b","1b","1b","1b","1b"
"2026-03-09 22:00:00",NA,0,134,8,1,"5b","1b","1b","1b","1b"
"2026-03-09 23:00:00",589,0,959,8,0,"1b","1b","1b","1b","1b"
"2026-03-10 00:00:00",260,0,572.5,8,0,"1b","1b","1b","1b","1b"
"2026-03-10 01:00:00",215,0,712.5,6,0,"1b","1b","1b","1b","1b"
"2026-03-10 02:00:00",425,1,931,7,0,"1b","1b","1b","1b","1b"
"2026-03-10 03:00:00",544,2,969.5,8,0,"1b","1b","1b","1b","1b"
"2026-03-10 04:00:00",485,1,885.5,8,0,"1b","1b","1b","1b","1b"
"2026-03-10 05:00:00",455,2,5089.5,7,0,"1b","1b","1b","1b","1b"
"2026-03-10 06:00:00",694,1,5090.5,7,0,"1b","1b","1b","1b","1b"
"2026-03-10 07:00:00",709,1,4038,8,0,"1b","1b","1b","1b","1b"
"2026-03-10 08:00:00",739,2,3101,8,0,"1b","1b","1b","1b","1b"
"2026-03-10 09:00:00",380,1,2554.5,8,0,"1b","1b","1b","1b","1b"
"2026-03-10 10:00:00",455,0,794.5,7,0,"1b","1b","1b","1b","1b"
"2026-03-10 11:00:00",NA,0,607,8,0,"5b","1b","1b","1b","1b"
"2026-03-10 12:00:00",NA,0,812.5,8,0,"5b","1b","1b","1b","1b"
"2026-03-10 13:00:00",NA,0,885.5,8,0,"5b","1b","1b","1b","1b"
"2026-03-10 14:00:00",NA,0,936.5,8,0,"5b","1b","1b","1b","1b"
"2026-03-10 15:00:00",634,0,918,8,0,"1b","1b","1b","1b","1b"
"2026-03-10 16:00:00",NA,0,663,8,0,"5b","1b","1b","1b","1b"
"2026-03-10 17:00:00",NA,0,736.5,8,0,"5b","1b","1b","1b","1b"
"2026-03-10 18:00:00",NA,0,645.5,8,0,"5b","1b","1b","1b","1b"
"2026-03-10 19:00:00",NA,0,571,8,0,"5b","1b","1b","1b","1b"
"2026-03-10 20:00:00",NA,0,518,8,0,"5b","1b","1b","1b","1b"
"2026-03-10 21:00:00",NA,0,362,8,0,"5b","1b","1b","1b","1b"
"2026-03-10 22:00:00",NA,0,265,8,0,"5b","1b","1b","1b","1b"
"2026-03-10 23:00:00",NA,0,266,8,0,"5b","1b","1b","1b","1b"
"2026-03-11 00:00:00",NA,0,242,8,1,"5b","1b","1b","1b","1b"
"2026-03-11 01:00:00",NA,0,585,8,0,"5b","1b","1b","1b","1b"
"2026-03-11 02:00:00",NA,0,949,8,1,"5b","1b","1b","1b","1b"
"2026-03-11 03:00:00",NA,0,1399.5,7,4,"5b","1b","1b","1b","1b"
"2026-03-11 04:00:00",664,0,1337,7,0,"1b","1b","1b","1b","1b"
"2026-03-11 05:00:00",874,2,1755,4,0,"1b","1b","1b","1b","1b"
"2026-03-11 06:00:00",994,0,1217,4,0,"1b","1b","1b","1b","1b"
"2026-03-11 07:00:00",784,0,1173,7,0,"1b","1b","1b","1b","1b"
"2026-03-11 08:00:00",724,2,1278,6,0,"1b","1b","1b","1b","1b"
"2026-03-11 09:00:00",821.5,0,1271.5,7,0,"1b","1b","1b","1b","1b"
"2026-03-11 10:00:00",919,0,923,6,0,"1b","1b","1b","1b","1b"
"2026-03-11 11:00:00",1548,0,1109,7,0,"1b","1b","1b","1b","1b"
"2026-03-11 12:00:00",NA,0,1221,7,0,"5b","1b","1b","1b","1b"
"2026-03-11 13:00:00",NA,0,1395,7,0,"5b","1b","1b","1b","1b"
"2026-03-11 14:00:00",1099,0,1343,3,0,"1b","1b","1b","1b","1b"
"2026-03-11 15:00:00",1354,0,1354,6,0,"1b","1b","1b","1b","1b"
"2026-03-11 16:00:00",NA,0,1340,5,0,"5b","1b","1b","1b","1b"
"2026-03-11 17:00:00",1444,0,1350.5,4,0,"1b","1b","1b","1b","1b"
"2026-03-11 18:00:00",1459,0,1334,3,0,"1b","1b","1b","1b","1b"
"2026-03-11 19:00:00",1084,2,1560,1,0,"1b","1b","1b","1b","1b"
"2026-03-11 20:00:00",1024,2,5982,2,0,"1b","1b","1b","1b","1b"
"2026-03-11 21:00:00",634,1,8621,1,0,"1b","1b","1b","1b","1b"
"2026-03-11 22:00:00",739,0,811,3,0,"1b","1b","1b","1b","1b"
"2026-03-11 23:00:00",754,1,1080.5,2,0,"1b","1b","1b","1b","1b"
"2026-03-12 00:00:00",694,0,1083,6,0,"1b","1b","1b","1b","1b"
"2026-03-12 01:00:00",529,0,1006,7,0,"1b","1b","1b","1b","1b"
"2026-03-12 02:00:00",634,0,922,8,0,"1b","1b","1b","1b","1b"
"2026-03-12 03:00:00",500,0,753.5,8,0,"1b","1b","1b","1b","1b"
"2026-03-12 04:00:00",NA,0,560.5,8,0,"5b","1b","1b","1b","1b"
"2026-03-12 05:00:00",NA,0,613,8,0,"5b","1b","1b","1b","1b"
"2026-03-12 06:00:00",649,0,976,8,0,"1b","1b","1b","1b","1b"
"2026-03-12 07:00:00",NA,0,746.5,8,0,"5b","1b","1b","1b","1b"
"2026-03-12 08:00:00",NA,0,628.5,8,0,"5b","1b","1b","1b","1b"
"2026-03-12 09:00:00",NA,0,588,8,0,"5b","1b","1b","1b","1b"
"2026-03-12 10:00:00",NA,0,523,8,0,"5b","1b","1b","1b","1b"
"2026-03-12 11:00:00",NA,0,435,8,0,"5b","1b","1b","1b","1b"
"2026-03-12 12:00:00",NA,0,421,8,0,"5b","1b","1b","1b","1b"
"2026-03-12 13:00:00",NA,0,409,8,0,"5b","1b","1b","1b","1b"
"2026-03-12 14:00:00",NA,0,330,8,1,"5b","1b","1b","1b","1b"
"2026-03-12 15:00:00",NA,0,260.5,8,1,"5b","1b","1b","1b","1b"
"2026-03-12 16:00:00",NA,0,258,8,1,"5b","1b","1b","1b","1b"
"2026-03-12 17:00:00",NA,0,275.5,8,0,"5b","1b","1b","1b","1b"
"2026-03-12 18:00:00",NA,0,266.5,8,0,"5b","1b","1b","1b","1b"
"2026-03-12 19:00:00",NA,0,255,8,1,"5b","1b","1b","1b","1b"
"2026-03-12 20:00:00",NA,0,238.5,8,1,"5b","1b","1b","1b","1b"
"2026-03-12 21:00:00",NA,0,1302,8,1,"5b","1b","1b","1b","1b"
"2026-03-12 22:00:00",NA,0,1421,8,1,"5b","1b","1b","1b","1b"
"2026-03-12 23:00:00",NA,0,1596,8,0,"5b","1b","1b","1b","1b"
"2026-03-13 00:00:00",1039,0,1144,8,0,"1b","1b","1b","1b","1b"
"2026-03-13 01:00:00",NA,0,773,8,4,"5b","1b","1b","1b","1b"
"2026-03-13 02:00:00",784,0,1264.5,8,0,"1b","1b","1b","1b","1b"
"2026-03-13 03:00:00",1084,1,3054,8,0,"1b","1b","1b","1b","1b"
"2026-03-13 04:00:00",769,2,3225,6,0,"1b","1b","1b","1b","1b"
"2026-03-13 05:00:00",799,2,NA,2,0,"1b","1b","5b","1b","1b"
"2026-03-13 06:00:00",919,2,NA,1,0,"1b","1b","5b","1b","1b"
"2026-03-13 07:00:00",784,2,6748,0,0,"1b","1b","1b","1b","1b"
"2026-03-13 08:00:00",1009,2,7063,2,0,"1b","1b","1b","1b","1b"
"2026-03-13 09:00:00",994,1,7003,3,0,"1b","1b","1b","1b","1b"
"2026-03-13 10:00:00",1174,0,1168.5,3,0,"1b","1b","1b","1b","1b"
"2026-03-13 11:00:00",NA,0,1273,7,0,"5b","1b","1b","1b","1b"
"2026-03-13 12:00:00",NA,0,1358.5,8,0,"5b","1b","1b","1b","1b"
"2026-03-13 13:00:00",1189,0,1890,7,0,"1b","1b","1b","1b","1b"
"2026-03-13 14:00:00",829,0,6868,6,0,"1b","1b","1b","1b","1b"
"2026-03-13 15:00:00",1414,4,7393,5,0,"1b","1b","1b","1b","1b"
"2026-03-13 16:00:00",1369,3,1056,4,0,"1b","1b","1b","1b","1b"
"2026-03-13 17:00:00",1189,3,2015,3,0,"1b","1b","1b","1b","1b"
"2026-03-13 18:00:00",1024,2,2999.5,1,0,"1b","1b","1b","1b","1b"
"2026-03-13 19:00:00",919,2,2742,6,0,"1b","1b","1b","1b","1b"
"2026-03-13 20:00:00",260,1,1164,8,0,"1b","1b","1b","1b","1b"
"2026-03-13 21:00:00",NA,0,935,8,4,"5b","1b","1b","1b","1b"
"2026-03-13 22:00:00",425,1,1396,7,0,"1b","1b","1b","1b","1b"
"2026-03-13 23:00:00",934,2,2408,7,0,"1b","1b","1b","1b","1b"
"2026-03-14 00:00:00",844,2,3928,7,0,"1b","1b","1b","1b","1b"
"2026-03-14 01:00:00",949,1,2763.5,7,0,"1b","1b","1b","1b","1b"
"2026-03-14 02:00:00",559,1,1500,7,0,"1b","1b","1b","1b","1b"
"2026-03-14 03:00:00",799,2,4635,6,0,"1b","1b","1b","1b","1b"
"2026-03-14 04:00:00",470,1,6050.5,4,0,"1b","1b","1b","1b","1b"
"2026-03-14 05:00:00",626.5,1,5864,3,0,"1b","1b","1b","1b","1b"
"2026-03-14 06:00:00",664,2,5413,3,0,"1b","1b","1b","1b","1b"
"2026-03-14 07:00:00",754,1,5942,3,0,"1b","1b","1b","1b","1b"
"2026-03-14 08:00:00",844,2,4504,2,0,"1b","1b","1b","1b","1b"
"2026-03-14 09:00:00",739,2,5394.5,2,0,"1b","1b","1b","1b","1b"
"2026-03-14 10:00:00",694,2,728,1,0,"1b","1b","1b","1b","1b"
"2026-03-14 11:00:00",1429,0,998,6,0,"1b","1b","1b","1b","1b"
"2026-03-14 12:00:00",1159,0,1170.5,2.5,0,"1b","1b","1b","1b","1b"
"2026-03-14 13:00:00",1309,0,1439,1,0,"1b","1b","1b","1b","1b"
"2026-03-14 14:00:00",1593,0,1665,1,0,"1b","1b","1b","1b","1b"
"2026-03-14 15:00:00",1489,5,1730,1,0,"1b","1b","1b","1b","1b"
"2026-03-14 16:00:00",1369,4,1953,1,0,"1b","1b","1b","1b","1b"
"2026-03-14 17:00:00",1264,0,2526,4,0,"1b","1b","1b","1b","1b"
"2026-03-14 18:00:00",1788,0,2391,6,0,"1b","1b","1b","1b","1b"
"2026-03-14 19:00:00",1653,0,1595,5,0,"1b","1b","1b","1b","1b"
"2026-03-14 20:00:00",1204,2,NA,1,0,"1b","1b","5b","1b","1b"
"2026-03-14 21:00:00",1309,2,5862.5,1,0,"1b","1b","1b","1b","1b"
"2026-03-14 22:00:00",634,2,5172.5,5,0,"1b","1b","1b","1b","1b"
"2026-03-14 23:00:00",799,2,4978,7,0,"1b","1b","1b","1b","1b"
"2026-03-15 00:00:00",455,1,4393.5,8,0,"1b","1b","1b","1b","1b"
"2026-03-15 01:00:00",507,1,3896,8,0,"1b","1b","1b","1b","1b"
"2026-03-15 02:00:00",410,1,3310.5,8,0,"1b","1b","1b","1b","1b"
"2026-03-15 03:00:00",425,1,2543,8,0,"1b","1b","1b","1b","1b"
"2026-03-15 04:00:00",559,1,2355.5,8,0,"1b","1b","1b","1b","1b"
"2026-03-15 05:00:00",544,1,3287,8,0,"1b","1b","1b","1b","1b"
"2026-03-15 06:00:00",350,1,2340,8,0,"1b","1b","1b","1b","1b"
"2026-03-15 07:00:00",215,0,430,7,0,"1b","1b","1b","1b","1b"
"2026-03-15 08:00:00",NA,0,1623,7,0,"5b","1b","1b","1b","1b"
"2026-03-15 09:00:00",514,0,1441,8,0,"1b","1b","1b","1b","1b"
"2026-03-15 10:00:00",NA,0,530.5,5,0,"5b","1b","1b","1b","1b"
"2026-03-15 11:00:00",664,0,784,4,0,"1b","1b","1b","1b","1b"
"2026-03-15 12:00:00",NA,0,710,8,0,"5b","1b","1b","1b","1b"
"2026-03-15 13:00:00",NA,0,577,8,0,"5b","1b","1b","1b","1b"
"2026-03-15 14:00:00",NA,0,273,8,1,"5b","1b","1b","1b","1b"
"2026-03-15 15:00:00",NA,0,648,8,1,"5b","1b","1b","1b","1b"
"2026-03-15 16:00:00",NA,0,962,8,1,"5b","1b","1b","1b","1b"
"2026-03-15 17:00:00",784,0,1586,7,0,"1b","1b","1b","1b","1b"
"2026-03-15 18:00:00",1024,2,1009.5,4,0,"1b","1b","1b","1b","1b"
"2026-03-15 19:00:00",949,0,1233,2,0,"1b","1b","1b","1b","1b"
"2026-03-15 20:00:00",859,0,1063,5,0,"1b","1b","1b","1b","1b"
"2026-03-15 21:00:00",1129,0,1006,4,0,"1b","1b","1b","1b","1b"
"2026-03-15 22:00:00",350,0,1166.5,5,0,"1b","1b","1b","1b","1b"
"2026-03-15 23:00:00",919,2,2574.5,5,0,"1b","1b","1b","1b","1b"
"2026-03-16 00:00:00",934,1,3307,5,0,"1b","1b","1b","1b","1b"
"2026-03-16 01:00:00",799,1,3071,7,0,"1b","1b","1b","1b","1b"
"2026-03-16 02:00:00",754,0,2323,8,0,"1b","1b","1b","1b","1b"
"2026-03-16 03:00:00",679,1,2659,8,0,"1b","1b","1b","1b","1b"
"2026-03-16 04:00:00",724,1,2627,7,0,"1b","1b","1b","1b","1b"
"2026-03-16 05:00:00",829,1,2310,6,0,"1b","1b","1b","1b","1b"
"2026-03-16 06:00:00",889,0,7572,6,0,"1b","1b","1b","1b","1b"
"2026-03-16 07:00:00",904,1,2150,4,0,"1b","1b","1b","1b","1b"
"2026-03-16 08:00:00",791.5,2,1544,6,0,"1b","1b","1b","1b","1b"
"2026-03-16 09:00:00",739,2,2879.5,6,0,"1b","1b","1b","1b","1b"
"2026-03-16 10:00:00",649,0,1018,7,0,"1b","1b","1b","1b","1b"
"2026-03-16 11:00:00",NA,0,765.5,8,0,"5b","1b","1b","1b","1b"
"2026-03-16 12:00:00",NA,0,945.5,8,0,"5b","1b","1b","1b","1b"
"2026-03-16 13:00:00",NA,0,976.5,8,0,"5b","1b","1b","1b","1b"
"2026-03-16 14:00:00",769,0,777.5,8,0,"1b","1b","1b","1b","1b"
"2026-03-16 15:00:00",NA,0,612.5,8,1,"5b","1b","1b","1b","1b"
"2026-03-16 16:00:00",NA,0,767.5,8,0,"5b","1b","1b","1b","1b"
"2026-03-16 17:00:00",NA,0,612.5,8,0,"5b","1b","1b","1b","1b"
"2026-03-16 18:00:00",NA,0,284.5,8,0,"5b","1b","1b","1b","1b"
"2026-03-16 19:00:00",NA,0,264.5,8,0,"5b","1b","1b","1b","1b"
"2026-03-16 20:00:00",NA,0,376,8,0,"5b","1b","1b","1b","1b"
"2026-03-16 21:00:00",425,0,617,8,0,"1b","1b","1b","1b","1b"
"2026-03-16 22:00:00",365,0,527.5,8,0,"1b","1b","1b","1b","1b"
"2026-03-16 23:00:00",NA,0,315,8,0,"5b","1b","1b","1b","1b"
"2026-03-17 00:00:00",NA,0,267,8,0,"5b","1b","1b","1b","1b"
"2026-03-17 01:00:00",NA,0,244,8,0,"5b","1b","1b","1b","1b"
"2026-03-17 02:00:00",NA,0,229,8,0,"5b","1b","1b","1b","1b"
"2026-03-17 03:00:00",NA,0,212,8,0,"5b","1b","1b","1b","1b"
"2026-03-17 04:00:00",NA,0,262,8,0,"5b","1b","1b","1b","1b"
"2026-03-17 05:00:00",NA,0,296.5,8,0,"5b","1b","1b","1b","1b"
"2026-03-17 06:00:00",NA,0,409.5,8,0,"5b","1b","1b","1b","1b"
"2026-03-17 07:00:00",NA,0,474,7,0,"5b","1b","1b","1b","1b"
"2026-03-17 08:00:00",NA,0,451,8,0,"5b","1b","1b","1b","1b"
"2026-03-17 09:00:00",NA,0,499,8,0,"5b","1b","1b","1b","1b"
"2026-03-17 10:00:00",664,0,576,6,0,"1b","1b","1b","1b","1b"
"2026-03-17 11:00:00",589,1,616,2,0,"1b","1b","1b","1b","1b"
"2026-03-17 12:00:00",604,1,8771,1,0,"1b","1b","1b","1b","1b"
"2026-03-17 13:00:00",544,1,8696,1,0,"1b","1b","1b","1b","1b"
"2026-03-17 14:00:00",619,1,NA,1,0,"1b","1b","5b","1b","1b"
"2026-03-17 15:00:00",724,1,NA,0,0,"1b","1b","5b","1b","1b"
"2026-03-17 16:00:00",679,1,NA,0,0,"1b","1b","5b","1b","1b"
"2026-03-17 17:00:00",709,1,NA,0,0,"1b","1b","5b","1b","1b"
"2026-03-17 18:00:00",664,1,NA,0,0,"1b","1b","5b","1b","1b"
"2026-03-17 19:00:00",649,1,NA,0,0,"1b","1b","5b","1b","1b"
"2026-03-17 20:00:00",574,1,NA,0,0,"1b","1b","5b","1b","1b"
"2026-03-17 21:00:00",559,1,NA,0,0,"1b","1b","5b","1b","1b"
"2026-03-17 22:00:00",410,2,NA,0,0,"1b","1b","5b","1b","1b"
"2026-03-17 23:00:00",350,2,NA,0,0,"1b","1b","5b","1b","1b"
"2026-03-18 00:00:00",859,1,NA,0,0,"1b","1b","5b","1b","1b"
"2026-03-18 01:00:00",799,1,NA,0,0,"1b","1b","5b","1b","1b"
"2026-03-18 02:00:00",380,2,NA,0,0,"1b","1b","5b","1b","1b"
"2026-03-18 03:00:00",395,2,NA,0,0,"1b","1b","5b","1b","1b"
"2026-03-18 04:00:00",350,2,NA,0,0,"1b","1b","5b","1b","1b"
"2026-03-18 05:00:00",335,2,NA,0,0,"1b","1b","5b","1b","1b"
"2026-03-18 06:00:00",350,2,NA,0,0,"1b","1b","5b","1b","1b"
"2026-03-18 07:00:00",380,2,NA,0,0,"1b","1b","5b","1b","1b"
"2026-03-18 08:00:00",769,1,NA,0,0,"1b","1b","5b","1b","1b"
"2026-03-18 09:00:00",245,1,NA,0,0,"1b","1b","5b","1b","1b"
"2026-03-18 10:00:00",320,1,NA,0,0,"1b","1b","5b","1b","1b"
"2026-03-18 11:00:00",470,1,NA,0,0,"1b","1b","5b","1b","1b"
"2026-03-18 12:00:00",559,1,NA,0,0,"1b","1b","5b","1b","1b"
"2026-03-18 13:00:00",754,1,NA,0,0,"1b","1b","5b","1b","1b"
"2026-03-18 14:00:00",874,2,NA,0,0,"1b","1b","5b","1b","1b"
"2026-03-18 15:00:00",919,2,NA,0,0,"1b","1b","5b","1b","1b"
"2026-03-18 16:00:00",934,2,NA,0,0,"1b","1b","5b","1b","1b"
"2026-03-18 17:00:00",844,1,NA,0,0,"1b","1b","5b","1b","1b"
"2026-03-18 18:00:00",769,1,NA,0,0,"1b","1b","5b","1b","1b"
"2026-03-18 19:00:00",919,1,NA,0,0,"1b","1b","5b","1b","1b"
"2026-03-18 20:00:00",410,2,NA,0,0,"1b","1b","5b","1b","1b"
"2026-03-18 21:00:00",500,1,NA,0,0,"1b","1b","5b","1b","1b"
"2026-03-18 22:00:00",769,4,NA,0,0,"1b","1b","5b","1b","1b"
"2026-03-18 23:00:00",365,1,NA,0,0,"1b","1b","5b","1b","1b"
"2026-03-19 00:00:00",425,1,NA,0,0,"1b","1b","5b","1b","1b"
"2026-03-19 01:00:00",485,1,NA,0,0,"1b","1b","5b","1b","1b"
"2026-03-19 02:00:00",529,1,NA,0,0,"1b","1b","5b","1b","1b"
"2026-03-19 03:00:00",634,1,NA,0,0,"1b","1b","5b","1b","1b"
"2026-03-19 04:00:00",440,2,NA,0,0,"1b","1b","5b","1b","1b"
"2026-03-19 05:00:00",455,2,NA,0,0,"1b","1b","5b","1b","1b"
"2026-03-19 06:00:00",544,1,NA,0,0,"1b","1b","5b","1b","1b"
"2026-03-19 07:00:00",544,1,NA,0,0,"1b","1b","5b","1b","1b"
"2026-03-19 08:00:00",395,1,NA,0,0,"1b","1b","5b","1b","1b"
"2026-03-19 09:00:00",425,1,NA,0,0,"1b","1b","5b","1b","1b"
"2026-03-19 10:00:00",380,1,NA,0,0,"1b","1b","5b","1b","1b"
"2026-03-19 11:00:00",589,1,NA,0,0,"1b","1b","5b","1b","1b"
"2026-03-19 12:00:00",709,2,NA,0,0,"1b","1b","5b","1b","1b"
"2026-03-19 13:00:00",904,2,NA,0,0,"1b","1b","5b","1b","1b"
"2026-03-19 14:00:00",934,2,NA,0,0,"1b","1b","5b","1b","1b"
"2026-03-19 15:00:00",949,2,9730,0,0,"1b","1b","1b","1b","1b"
"2026-03-19 16:00:00",964,2,8726,1,0,"1b","1b","1b","1b","1b"
"2026-03-19 17:00:00",1009,3,8067,5,0,"1b","1b","1b","1b","1b"
"2026-03-19 18:00:00",949,1,9281,7,0,"1b","1b","1b","1b","1b"
"2026-03-19 19:00:00",335,1,8292,8,0,"1b","1b","1b","1b","1b"
"2026-03-19 20:00:00",739,1,7940,8,0,"1b","1b","1b","1b","1b"
"2026-03-19 21:00:00",664,1,7889,8,0,"1b","1b","1b","1b","1b"
"2026-03-19 22:00:00",649,1,8465,6,0,"1b","1b","1b","1b","1b"
"2026-03-19 23:00:00",604,1,NA,2,0,"1b","1b","5b","1b","1b"
"2026-03-20 00:00:00",455,1,NA,1,0,"1b","1b","5b","1b","1b"
"2026-03-20 01:00:00",455,2,NA,1,0,"1b","1b","5b","1b","1b"
"2026-03-20 02:00:00",724,1,NA,0,0,"1b","1b","5b","1b","1b"
"2026-03-20 03:00:00",724,0,50,3,1,"1b","1b","1b","1b","1b"
"2026-03-20 04:00:00",NA,0,22,9,2,"5b","1b","1b","1b","1b"
"2026-03-20 05:00:00",NA,0,26,9,2,"5b","1b","1b","1b","1b"
"2026-03-20 06:00:00",NA,0,25,9,2,"5b","1b","1b","1b","1b"
"2026-03-20 07:00:00",NA,0,31,9,2,"5b","1b","1b","1b","1b"
"2026-03-20 08:00:00",NA,0,55,8,1,"5b","1b","1b","1b","1b"
"2026-03-20 09:00:00",664,0,107,7,0,"1b","1b","1b","1b","1b"
"2026-03-20 10:00:00",230,1,3363,2,0,"1b","1b","1b","1b","1b"
"2026-03-20 11:00:00",245,1,3323,2,0,"1b","1b","1b","1b","1b"
"2026-03-20 12:00:00",305,1,8561,2,0,"1b","1b","1b","1b","1b"
"2026-03-20 13:00:00",455,1,8007,2,0,"1b","1b","1b","1b","1b"
"2026-03-20 14:00:00",574,2,7789.5,4,0,"1b","1b","1b","1b","1b"
"2026-03-20 15:00:00",784,2,8359.5,2,0,"1b","1b","1b","1b","1b"
"2026-03-20 16:00:00",799,1,8157,3,0,"1b","1b","1b","1b","1b"
"2026-03-20 17:00:00",829,1,8052,5,0,"1b","1b","1b","1b","1b"
"2026-03-20 18:00:00",739,1,6843,5,0,"1b","1b","1b","1b","1b"
"2026-03-20 19:00:00",514,2,6868,7,0,"1b","1b","1b","1b","1b"
"2026-03-20 20:00:00",574,2,6370.5,8,0,"1b","1b","1b","1b","1b"
"2026-03-20 21:00:00",634,1,8627,8,0,"1b","1b","1b","1b","1b"
"2026-03-20 22:00:00",619,2,8531,7,0,"1b","1b","1b","1b","1b"
"2026-03-20 23:00:00",200,2,8157,7,0,"1b","1b","1b","1b","1b"
"2026-03-21 00:00:00",305,1,8322,5,0,"1b","1b","1b","1b","1b"
"2026-03-21 01:00:00",604,1,9700,2,0,"1b","1b","1b","1b","1b"
"2026-03-21 02:00:00",769,1,9670,5,0,"1b","1b","1b","1b","1b"
"2026-03-21 03:00:00",724,0,65,7,1,"1b","1b","1b","1b","1b"
"2026-03-21 04:00:00",NA,0,20,9,2,"5b","1b","1b","1b","1b"
"2026-03-21 05:00:00",NA,0,16,9,2,"5b","1b","1b","1b","1b"
"2026-03-21 06:00:00",NA,0,17,9,2,"5b","1b","1b","1b","1b"
"2026-03-21 07:00:00",NA,0,19,9,2,"5b","1b","1b","1b","1b"
"2026-03-21 08:00:00",NA,0,21,9,2,"5b","1b","1b","1b","1b"
"2026-03-21 09:00:00",NA,0,57,8,1,"5b","1b","1b","1b","1b"
"2026-03-21 10:00:00",485,1,NA,0,0,"1b","1b","5b","1b","1b"
"2026-03-21 11:00:00",619,1,NA,0,0,"1b","1b","5b","1b","1b"
"2026-03-21 12:00:00",754,1,9760,1,0,"1b","1b","1b","1b","1b"
"2026-03-21 13:00:00",874,1,904,1,0,"1b","1b","1b","1b","1b"
"2026-03-21 14:00:00",994,0,1004,5,0,"1b","1b","1b","1b","1b"
"2026-03-21 15:00:00",1114,0,1009,2,0,"1b","1b","1b","1b","1b"
"2026-03-21 16:00:00",1069,1,983,0,0,"1b","1b","1b","1b","1b"
"2026-03-21 17:00:00",949,1,NA,1,0,"1b","1b","5b","1b","1b"
"2026-03-21 18:00:00",889,1,NA,0,0,"1b","1b","5b","1b","1b"
"2026-03-21 19:00:00",799,1,NA,0,0,"1b","1b","5b","1b","1b"
"2026-03-21 20:00:00",949,1,9685,0,0,"1b","1b","1b","1b","1b"
"2026-03-21 21:00:00",574,2,9401,1,0,"1b","1b","1b","1b","1b"
"2026-03-21 22:00:00",769,1,NA,1,0,"1b","1b","5b","1b","1b"
"2026-03-21 23:00:00",784,1,NA,1,0,"1b","1b","5b","1b","1b"
"2026-03-22 00:00:00",724,1,NA,1,0,"1b","1b","5b","1b","1b"
"2026-03-22 01:00:00",784,1,NA,0,0,"1b","1b","5b","1b","1b"
"2026-03-22 02:00:00",694,1,NA,0,0,"1b","1b","5b","1b","1b"
"2026-03-22 03:00:00",724,1,NA,0,0,"1b","1b","5b","1b","1b"
"2026-03-22 04:00:00",649,1,NA,0,0,"1b","1b","5b","1b","1b"
"2026-03-22 05:00:00",574,1,NA,0,0,"1b","1b","5b","1b","1b"
"2026-03-22 06:00:00",529,2,NA,0,0,"1b","1b","5b","1b","1b"
"2026-03-22 07:00:00",769,1,9820,0,0,"1b","1b","1b","1b","1b"
"2026-03-22 08:00:00",619,2,9520,3,0,"1b","1b","1b","1b","1b"
"2026-03-22 09:00:00",784,1,9101,3,0,"1b","1b","1b","1b","1b"
"2026-03-22 10:00:00",664,1,9243.5,6,0,"1b","1b","1b","1b","1b"
"2026-03-22 11:00:00",784,2,5534,6,0,"1b","1b","1b","1b","1b"
"2026-03-22 12:00:00",964,2,5070,5,0,"1b","1b","1b","1b","1b"
"2026-03-22 13:00:00",1099,0,4575,7,0,"1b","1b","1b","1b","1b"
"2026-03-22 14:00:00",919,2,3961,7,0,"1b","1b","1b","1b","1b"
"2026-03-22 15:00:00",589,1,3478,8,0,"1b","1b","1b","1b","1b"
"2026-03-22 16:00:00",694,1,2542.5,8,0,"1b","1b","1b","1b","1b"
"2026-03-22 17:00:00",664,1,3375,8,0,"1b","1b","1b","1b","1b"
"2026-03-22 18:00:00",679,1,4091,8,0,"1b","1b","1b","1b","1b"
"2026-03-22 19:00:00",455,1,4448.5,8,0,"1b","1b","1b","1b","1b"
"2026-03-22 20:00:00",470,1,4952,8,0,"1b","1b","1b","1b","1b"
"2026-03-22 21:00:00",335,1,5440.5,8,0,"1b","1b","1b","1b","1b"
"2026-03-22 22:00:00",350,1,880.5,8,0,"1b","1b","1b","1b","1b"
"2026-03-22 23:00:00",290,1,1127,8,0,"1b","1b","1b","1b","1b"
"2026-03-23 00:00:00",395,1,1131,8,0,"1b","1b","1b","1b","1b"
"2026-03-23 01:00:00",320,1,753,8,0,"1b","1b","1b","1b","1b"
"2026-03-23 02:00:00",350,1,1016,8,0,"1b","1b","1b","1b","1b"
"2026-03-23 03:00:00",290,1,965,8,0,"1b","1b","1b","1b","1b"
"2026-03-23 04:00:00",245,1,986.5,8,0,"1b","1b","1b","1b","1b"
"2026-03-23 05:00:00",470,2,1035.5,8,0,"1b","1b","1b","1b","1b"
"2026-03-23 06:00:00",574,1,1064,8,0,"1b","1b","1b","1b","1b"
"2026-03-23 07:00:00",619,1,1055,8,0,"1b","1b","1b","1b","1b"
"2026-03-23 08:00:00",365,2,1023,8,0,"1b","1b","1b","1b","1b"
"2026-03-23 09:00:00",380,2,672.5,8,0,"1b","1b","1b","1b","1b"
"2026-03-23 10:00:00",440,0,618.5,8,0,"1b","1b","1b","1b","1b"
"2026-03-23 11:00:00",589,0,4612.5,6,0,"1b","1b","1b","1b","1b"
"2026-03-23 12:00:00",440,0,1092,7,0,"1b","1b","1b","1b","1b"
"2026-03-23 13:00:00",589,0,4456,8,0,"1b","1b","1b","1b","1b"
"2026-03-23 14:00:00",829,0,4126,8,0,"1b","1b","1b","1b","1b"
"2026-03-23 15:00:00",904,0,4336,8,0,"1b","1b","1b","1b","1b"
"2026-03-23 16:00:00",904,2,3819,8,0,"1b","1b","1b","1b","1b"
"2026-03-23 17:00:00",964,1,3489,8,0,"1b","1b","1b","1b","1b"
"2026-03-23 18:00:00",844,1,4472,8,0,"1b","1b","1b","1b","1b"
"2026-03-23 19:00:00",829,1,4851.5,8,0,"1b","1b","1b","1b","1b"
"2026-03-23 20:00:00",709,1,5447,8,0,"1b","1b","1b","1b","1b"
"2026-03-23 21:00:00",485,2,5114.5,8,0,"1b","1b","1b","1b","1b"
"2026-03-23 22:00:00",440,2,6053.5,8,0,"1b","1b","1b","1b","1b"
"2026-03-23 23:00:00",514,1,4925.5,8,0,"1b","1b","1b","1b","1b"
"2026-03-24 00:00:00",470,1,4768.5,8,0,"1b","1b","1b","1b","1b"
"2026-03-24 01:00:00",500,1,4086,8,0,"1b","1b","1b","1b","1b"
"2026-03-24 02:00:00",559,0,4055,8,0,"1b","1b","1b","1b","1b"
"2026-03-24 03:00:00",365,0,4131.5,8,0,"1b","1b","1b","1b","1b"
"2026-03-24 04:00:00",NA,0,429.5,8,0,"5b","1b","1b","1b","1b"
"2026-03-24 05:00:00",NA,0,385,8,0,"5b","1b","1b","1b","1b"
"2026-03-24 06:00:00",NA,0,396,8,0,"5b","1b","1b","1b","1b"
"2026-03-24 07:00:00",NA,0,482,8,0,"5b","1b","1b","1b","1b"
"2026-03-24 08:00:00",NA,0,454,8,0,"5b","1b","1b","1b","1b"
"2026-03-24 09:00:00",NA,0,519,8,0,"5b","1b","1b","1b","1b"
"2026-03-24 10:00:00",NA,0,643,8,0,"5b","1b","1b","1b","1b"
"2026-03-24 11:00:00",365,0,529.5,8,0,"1b","1b","1b","1b","1b"
"2026-03-24 12:00:00",365,0,685,8,0,"1b","1b","1b","1b","1b"
"2026-03-24 13:00:00",410,0,747.5,7,0,"1b","1b","1b","1b","1b"
"2026-03-24 14:00:00",395,0,636,8,0,"1b","1b","1b","1b","1b"
"2026-03-24 15:00:00",NA,0,722,8,0,"5b","1b","1b","1b","1b"
"2026-03-24 16:00:00",581.5,0,902,8,0,"1b","1b","1b","1b","1b"
"2026-03-24 17:00:00",500,0,785.5,8,0,"1b","1b","1b","1b","1b"
"2026-03-24 18:00:00",NA,0,515,8,0,"5b","1b","1b","1b","1b"
"2026-03-24 19:00:00",NA,0,383.5,8,0,"5b","1b","1b","1b","1b"
"2026-03-24 20:00:00",NA,0,903,8,0,"5b","1b","1b","1b","1b"
"2026-03-24 21:00:00",1069,0,2244,8,0,"1b","1b","1b","1b","1b"
"2026-03-24 22:00:00",470,0,1082,6,0,"1b","1b","1b","1b","1b"
"2026-03-24 23:00:00",949,0,890.5,7,0,"1b","1b","1b","1b","1b"
"2026-03-25 00:00:00",859,0,874.5,6,0,"1b","1b","1b","1b","1b"
"2026-03-25 01:00:00",589,0,875,6,0,"1b","1b","1b","1b","1b"
"2026-03-25 02:00:00",709,0,1087.5,6,0,"1b","1b","1b","1b","1b"
"2026-03-25 03:00:00",694,0,1139,7,0,"1b","1b","1b","1b","1b"
"2026-03-25 04:00:00",NA,0,1371,7,4,"5b","1b","1b","1b","1b"
"2026-03-25 05:00:00",949,2,4904.5,6,0,"1b","1b","1b","1b","1b"
"2026-03-25 06:00:00",724,0,752.5,7,0,"1b","1b","1b","1b","1b"
"2026-03-25 07:00:00",NA,0,553,8,4,"5b","1b","1b","1b","1b"
"2026-03-25 08:00:00",NA,0,878,8,0,"5b","1b","1b","1b","1b"
"2026-03-25 09:00:00",NA,0,977,5,0,"5b","1b","1b","1b","1b"
"2026-03-25 10:00:00",NA,0,1128,6,0,"5b","1b","1b","1b","1b"
"2026-03-25 11:00:00",NA,0,1322,6,0,"5b","1b","1b","1b","1b"
"2026-03-25 12:00:00",1264,0,1225,7,0,"1b","1b","1b","1b","1b"
"2026-03-25 13:00:00",NA,0,1288.5,6.5,0,"5b","1b","1b","1b","1b"
"2026-03-25 14:00:00",949,0,1396,6,0,"1b","1b","1b","1b","1b"
"2026-03-25 15:00:00",994,0,1969.5,6,0,"1b","1b","1b","1b","1b"
"2026-03-25 16:00:00",1174,0,1923.5,5,0,"1b","1b","1b","1b","1b"
"2026-03-25 17:00:00",1114,0,1302.5,4,0,"1b","1b","1b","1b","1b"
"2026-03-25 18:00:00",1114,0,1111,6,0,"1b","1b","1b","1b","1b"
"2026-03-25 19:00:00",1099,2,1046.5,1,0,"1b","1b","1b","1b","1b"
"2026-03-25 20:00:00",979,0,978,2,0,"1b","1b","1b","1b","1b"
"2026-03-25 21:00:00",694,2,1008,1,0,"1b","1b","1b","1b","1b"
"2026-03-25 22:00:00",754,1,1202.5,1,0,"1b","1b","1b","1b","1b"
"2026-03-25 23:00:00",844,2,NA,1,0,"1b","1b","5b","1b","1b"
"2026-03-26 00:00:00",529,1,799,1,0,"1b","1b","1b","1b","1b"
"2026-03-26 01:00:00",NA,0,813,7,4,"5b","1b","1b","1b","1b"
"2026-03-26 02:00:00",NA,0,587,8,0,"5b","1b","1b","1b","1b"
"2026-03-26 03:00:00",724,0,750,7,1,"1b","1b","1b","1b","1b"
"2026-03-26 04:00:00",NA,0,705.5,6,0,"5b","1b","1b","1b","1b"
"2026-03-26 05:00:00",NA,0,741,6,0,"5b","1b","1b","1b","1b"
"2026-03-26 06:00:00",814,0,645,3,0,"1b","1b","1b","1b","1b"
"2026-03-26 07:00:00",350,1,655.5,1,0,"1b","1b","1b","1b","1b"
"2026-03-26 08:00:00",350,2,NA,0,0,"1b","1b","5b","1b","1b"
"2026-03-26 09:00:00",514,1,787,0,0,"1b","1b","1b","1b","1b"
"2026-03-26 10:00:00",994,2,4046,1,0,"1b","1b","1b","1b","1b"
"2026-03-26 11:00:00",1264,0,4071.5,6,0,"1b","1b","1b","1b","1b"
"2026-03-26 12:00:00",874,0,1419,7,0,"1b","1b","1b","1b","1b"
"2026-03-26 13:00:00",754,0,3368,7,0,"1b","1b","1b","1b","1b"
"2026-03-26 14:00:00",784,0,2663.5,8,0,"1b","1b","1b","1b","1b"
"2026-03-26 15:00:00",1294,0,3006,7,0,"1b","1b","1b","1b","1b"
"2026-03-26 16:00:00",904,0,2997,8,0,"1b","1b","1b","1b","1b"
"2026-03-26 17:00:00",1399,0,2889,8,0,"1b","1b","1b","1b","1b"
"2026-03-26 18:00:00",1114,3,2866,8,0,"1b","1b","1b","1b","1b"
"2026-03-26 19:00:00",1279,1,2233,8,0,"1b","1b","1b","1b","1b"
"2026-03-26 20:00:00",619,2,1927,8,0,"1b","1b","1b","1b","1b"
"2026-03-26 21:00:00",619,2,1456.5,8,0,"1b","1b","1b","1b","1b"
"2026-03-26 22:00:00",559,1,1247.5,8,0,"1b","1b","1b","1b","1b"
"2026-03-26 23:00:00",500,1,1130,8,0,"1b","1b","1b","1b","1b"
"2026-03-27 00:00:00",455,1,1127,8,0,"1b","1b","1b","1b","1b"
"2026-03-27 01:00:00",305,1,1996.5,8,0,"1b","1b","1b","1b","1b"
"2026-03-27 02:00:00",410,0.5,1763,8,0,"1b","1b","1b","1b","1b"
"2026-03-27 03:00:00",NA,0,346,8,0,"5b","1b","1b","1b","1b"
"2026-03-27 04:00:00",NA,0,436.5,8,0,"5b","1b","1b","1b","1b"
"2026-03-27 05:00:00",NA,0,472,8,0,"5b","1b","1b","1b","1b"
"2026-03-27 06:00:00",NA,0,284.5,8,0,"5b","1b","1b","1b","1b"
"2026-03-27 07:00:00",NA,0,263.5,8,0,"5b","1b","1b","1b","1b"
"2026-03-27 08:00:00",NA,0,211.5,8,0,"5b","1b","1b","1b","1b"
"2026-03-27 09:00:00",NA,0,185,8,0,"5b","1b","1b","1b","1b"
"2026-03-27 10:00:00",NA,0,184,8,0,"5b","1b","1b","1b","1b"
"2026-03-27 11:00:00",NA,0,243,8,0,"5b","1b","1b","1b","1b"
"2026-03-27 12:00:00",NA,0,472.5,8,0,"5b","1b","1b","1b","1b"
"2026-03-27 13:00:00",NA,0,440.5,8,1,"5b","1b","1b","1b","1b"
"2026-03-27 14:00:00",NA,0,277.5,8,4,"5b","1b","1b","1b","1b"
"2026-03-27 15:00:00",NA,0,413,8,0,"5b","1b","1b","1b","1b"
"2026-03-27 16:00:00",NA,0,353.5,8,0,"5b","1b","1b","1b","1b"
"2026-03-27 17:00:00",964,0,1173.5,8,0,"1b","1b","1b","1b","1b"
"2026-03-27 18:00:00",1009,0,7677,6,0,"1b","1b","1b","1b","1b"
"2026-03-27 19:00:00",889,2,1636.5,4,0,"1b","1b","1b","1b","1b"
"2026-03-27 20:00:00",NA,0,1041,7,0,"5b","1b","1b","1b","1b"
"2026-03-27 21:00:00",679,0,2089,8,4,"1b","1b","1b","1b","1b"
"2026-03-27 22:00:00",769,2,2289,6,0,"1b","1b","1b","1b","1b"
"2026-03-27 23:00:00",761.5,2,2111,6,0,"1b","1b","1b","1b","1b"
"2026-03-28 00:00:00",829,2,2507,3,0,"1b","1b","1b","1b","1b"
"2026-03-28 01:00:00",1084,2,NA,1,0,"1b","1b","5b","1b","1b"
"2026-03-28 02:00:00",1084,2,NA,0,0,"1b","1b","5b","1b","1b"
"2026-03-28 03:00:00",425,2,NA,0,0,"1b","1b","5b","1b","1b"
"2026-03-28 04:00:00",574,2,NA,0,0,"1b","1b","5b","1b","1b"
"2026-03-28 05:00:00",559,2,NA,0,0,"1b","1b","5b","1b","1b"
"2026-03-28 06:00:00",544,2,NA,0,0,"1b","1b","5b","1b","1b"
"2026-03-28 07:00:00",425,2,NA,0,0,"1b","1b","5b","1b","1b"
"2026-03-28 08:00:00",1009,2,NA,0,0,"1b","1b","5b","1b","1b"
"2026-03-28 09:00:00",1159,2,1004,0,0,"1b","1b","1b","1b","1b"
"2026-03-28 10:00:00",NA,0,1194,4,0,"5b","1b","1b","1b","1b"
"2026-03-28 11:00:00",NA,0,1426.5,7,0,"5b","1b","1b","1b","1b"
"2026-03-28 12:00:00",1009,0,1441,7,0,"1b","1b","1b","1b","1b"
"2026-03-28 13:00:00",1593,0,1542.5,6,0,"1b","1b","1b","1b","1b"
"2026-03-28 14:00:00",1009,0,1563.5,7,0,"1b","1b","1b","1b","1b"
"2026-03-28 15:00:00",694,0,1424,6,0,"1b","1b","1b","1b","1b"
"2026-03-28 16:00:00",NA,0,1440,6,0,"5b","1b","1b","1b","1b"
"2026-03-28 17:00:00",1294,0,1502,7,0,"1b","1b","1b","1b","1b"
"2026-03-28 18:00:00",1204,2,NA,2,0,"1b","1b","5b","1b","1b"
"2026-03-28 19:00:00",1204,2,NA,1,0,"1b","1b","5b","1b","1b"
"2026-03-28 20:00:00",911.5,2,1706,0,0,"1b","1b","1b","1b","1b"
"2026-03-28 21:00:00",784,2,974,1,0,"1b","1b","1b","1b","1b"
"2026-03-28 22:00:00",784,0,1781,7,0,"1b","1b","1b","1b","1b"
"2026-03-28 23:00:00",754,2,1579,3,0,"1b","1b","1b","1b","1b"
"2026-03-29 00:00:00",1114,1,NA,1,0,"1b","1b","5b","1b","1b"
"2026-03-29 01:00:00",1039,1,NA,0,0,"1b","1b","5b","1b","1b"
"2026-03-29 02:00:00",1009,2,4445,0,0,"1b","1b","1b","1b","1b"
"2026-03-29 03:00:00",874,2,3845.5,6,0,"1b","1b","1b","1b","1b"
"2026-03-29 04:00:00",544,2,3441,7,0,"1b","1b","1b","1b","1b"
"2026-03-29 05:00:00",365,2,3086,8,0,"1b","1b","1b","1b","1b"
"2026-03-29 06:00:00",544,1,3363.5,8,0,"1b","1b","1b","1b","1b"
"2026-03-29 07:00:00",455,2,3529.5,8,0,"1b","1b","1b","1b","1b"
"2026-03-29 08:00:00",574,2,3625.5,8,0,"1b","1b","1b","1b","1b"
"2026-03-29 09:00:00",544,1,3137,8,0,"1b","1b","1b","1b","1b"
"2026-03-29 10:00:00",784,0,820,8,0,"1b","1b","1b","1b","1b"
"2026-03-29 11:00:00",694,0,1319.5,8,0,"1b","1b","1b","1b","1b"
"2026-03-29 12:00:00",NA,0,684,8,0,"5b","1b","1b","1b","1b"
"2026-03-29 13:00:00",NA,0,639,8,0,"5b","1b","1b","1b","1b"
"2026-03-29 14:00:00",NA,0,634,8,0,"5b","1b","1b","1b","1b"
"2026-03-29 15:00:00",NA,0,559.5,8,0,"5b","1b","1b","1b","1b"
"2026-03-29 16:00:00",NA,0,502,8,0,"5b","1b","1b","1b","1b"
"2026-03-29 17:00:00",NA,0,404,8,0,"5b","1b","1b","1b","1b"
"2026-03-29 18:00:00",724,0,765,6,0,"1b","1b","1b","1b","1b"
"2026-03-29 19:00:00",589,1,9700,3,0,"1b","1b","1b","1b","1b"
"2026-03-29 20:00:00",1773,3,NA,2,0,"1b","1b","5b","1b","1b"
"2026-03-29 21:00:00",1503,2,8876,1,0,"1b","1b","1b","1b","1b"
"2026-03-29 22:00:00",1728,2,9431,1,0,"1b","1b","1b","1b","1b"
"2026-03-29 23:00:00",1608,1,1484,1,0,"1b","1b","1b","1b","1b"
"2026-03-30 00:00:00",1548,1,1402,1,0,"1b","1b","1b","1b","1b"
"2026-03-30 01:00:00",1503,1,1360,2,0,"1b","1b","1b","1b","1b"
"2026-03-30 02:00:00",1548,0,1430,2,0,"1b","1b","1b","1b","1b"
"2026-03-30 03:00:00",919,0,1576.5,6,0,"1b","1b","1b","1b","1b"
"2026-03-30 04:00:00",NA,0,1263.5,8,0,"5b","1b","1b","1b","1b"
"2026-03-30 05:00:00",1099,0,1357,6,0,"1b","1b","1b","1b","1b"
"2026-03-30 06:00:00",NA,0,1172,8,0,"5b","1b","1b","1b","1b"
"2026-03-30 07:00:00",NA,0,1049,7,0,"5b","1b","1b","1b","1b"
"2026-03-30 08:00:00",581.5,0,1167,8,0,"1b","1b","1b","1b","1b"
"2026-03-30 09:00:00",619,0,1108.5,8,0,"1b","1b","1b","1b","1b"
"2026-03-30 10:00:00",634,0,1084,8,0,"1b","1b","1b","1b","1b"
"2026-03-30 11:00:00",634,2,1326,7,0,"1b","1b","1b","1b","1b"
"2026-03-30 12:00:00",649,0,1319,6,0,"1b","1b","1b","1b","1b"
"2026-03-30 13:00:00",NA,0,1399.5,5,0,"5b","1b","1b","1b","1b"
"2026-03-30 14:00:00",NA,0,1337,7,0,"5b","1b","1b","1b","1b"
"2026-03-30 15:00:00",NA,0,1408,7,0,"5b","1b","1b","1b","1b"
"2026-03-30 16:00:00",1518,3,1574,2,0,"1b","1b","1b","1b","1b"
"2026-03-30 17:00:00",1174,0,1617,5,0,"1b","1b","1b","1b","1b"
"2026-03-30 18:00:00",1039,1,1217,3,0,"1b","1b","1b","1b","1b"
"2026-03-30 19:00:00",874,0,1172,1,0,"1b","1b","1b","1b","1b"
"2026-03-30 20:00:00",1039,0,1398.5,7,0,"1b","1b","1b","1b","1b"
"2026-03-30 21:00:00",NA,0,1025,8,0,"5b","1b","1b","1b","1b"
"2026-03-30 22:00:00",904,1,2374,7.5,0,"1b","1b","1b","1b","1b"
"2026-03-30 23:00:00",769,0,734,8,0,"1b","1b","1b","1b","1b"
"2026-03-31 00:00:00",NA,0,632,8,0,"5b","1b","1b","1b","1b"
"2026-03-31 01:00:00",NA,0,620,8,0,"5b","1b","1b","1b","1b"
"2026-03-31 02:00:00",NA,0,539,8,0,"5b","1b","1b","1b","1b"
"2026-03-31 03:00:00",NA,0,519,8,0,"5b","1b","1b","1b","1b"
"2026-03-31 04:00:00",245,0,501.5,8,0,"1b","1b","1b","1b","1b"
"2026-03-31 05:00:00",NA,0,488,8,0,"5b","1b","1b","1b","1b"
"2026-03-31 06:00:00",NA,0,415.5,8,0,"5b","1b","1b","1b","1b"
"2026-03-31 07:00:00",NA,0,419,8,0,"5b","1b","1b","1b","1b"
"2026-03-31 08:00:00",604,0,518.5,8,0,"1b","1b","1b","1b","1b"
"2026-03-31 09:00:00",440,0,1632.5,8,0,"1b","1b","1b","1b","1b"
"2026-03-31 10:00:00",544,4,1816.5,8,0,"1b","1b","1b","1b","1b"
"2026-03-31 11:00:00",514,3,1855,8,0,"1b","1b","1b","1b","1b"
"2026-03-31 12:00:00",529,0,781,7,0,"1b","1b","1b","1b","1b"
"2026-03-31 13:00:00",844,0,1861,6,0,"1b","1b","1b","1b","1b"
"2026-03-31 14:00:00",589,0,1709,7,0,"1b","1b","1b","1b","1b"
"2026-03-31 15:00:00",649,5,1665,6,0,"1b","1b","1b","1b","1b"
"2026-03-31 16:00:00",559,3.5,1561,7,0,"1b","1b","1b","1b","1b"
"2026-03-31 17:00:00",979,0,1679.5,2,0,"1b","1b","1b","1b","1b"
"2026-03-31 18:00:00",1054,3,1519,2,0,"1b","1b","1b","1b","1b"
"2026-03-31 19:00:00",919,0,1446.5,5,0,"1b","1b","1b","1b","1b"
"2026-03-31 20:00:00",470,2,741,1,0,"1b","1b","1b","1b","1b"
"2026-03-31 21:00:00",425,2,1177.5,2,0,"1b","1b","1b","1b","1b"
"2026-03-31 22:00:00",485,1,1218.5,1,0,"1b","1b","1b","1b","1b"
"2026-03-31 23:00:00",440,2,1202,4,0,"1b","1b","1b","1b","1b"
